{"cameraMode":{"drawMode":0,"name":"Shaded","section":"Shading Mode"},"sceneLighting":false,"audioPlay":false,"sceneViewState":{"showFog":true,"showMaterialUpdate":false,"showSkybox":false,"showFlares":true,"showImageEffects":true,"showParticleSystems":true},"in2DMode":false,"pivot":{"x":-1.1516296863555909,"y":1.6612306833267213,"z":1.1920928955078126e-7},"rotation":{"x":0.1334667056798935,"y":0.3993353843688965,"z":-0.058879297226667407,"w":0.9051351547241211},"size":2.87127423286438,"orthographic":true}