{"cameraMode":{"drawMode":0,"name":"Shaded","section":"Shading Mode"},"sceneLighting":true,"audioPlay":false,"sceneViewState":{"showFog":true,"showMaterialUpdate":false,"showSkybox":true,"showFlares":true,"showImageEffects":true,"showParticleSystems":true},"in2DMode":false,"pivot":{"x":1.5680571794509888,"y":0.2662232518196106,"z":13.859999656677246},"rotation":{"x":0.7478275299072266,"y":-0.0049814204685389999,"z":0.005611984524875879,"w":0.6638579964637756},"size":76.74628448486328,"orthographic":true}