{"cameraMode":{"drawMode":0,"name":"Shaded","section":"Shading Mode"},"sceneLighting":false,"audioPlay":false,"sceneViewState":{"showFog":true,"showMaterialUpdate":false,"showSkybox":false,"showFlares":true,"showImageEffects":true,"showParticleSystems":true},"in2DMode":false,"pivot":{"x":71.0999984741211,"y":3.2899999618530275,"z":5.050000190734863},"rotation":{"x":0.3726853132247925,"y":-0.0013886308297514916,"z":0.000563256733585149,"w":0.9279653429985046},"size":1.7320507764816285,"orthographic":true}